company_name,Annual Sales:,Company Type:,Corporate Family:,Corporate Highlights,D-U-N-S Number,D-U-N-S Number:,Domestic Ultimate D-U-N-S Number,EIN,Employees:,Fax:,Fiscal Year End:,Franchise,Home-Based Business,Import/Export Status,Incorporation Date,Industry:,Key ID Number:,Manufacturer,Minority Owned,Owns/Rents,Parent D-U-N-S Number,Parent:,Plant/Facility Size (sq,Prescreen Score,Reporting Currency:,State Of Incorporation,Tel:,Total Assets:,Tradestyle,Ultimate Parent D-U-N-S Number,Women Owned,_id,address,contact,website
"General Produce Co., A California Limited Partnership",99M,Private Parent,2 Companies,, 008861379,00-886-1379,, 940501561,200 (This Site) 225 (All Sites),916-441-0640,,,, Both Imports & Exports, 1933,Grocery Wholesale,258453,, True,,,,"{u' ft': {u')': u' 110,000'}}",,USD, California,916-441-6431,13M,,, True,5ab0c7749f9f5d091909a87a,"1330 N B St
Sacramento, California, 95811-0605
United States
(Primary Address) Show Secondary","[[{u'position': u'Chief Executive Officer at General Produce Co., A California Limited Partnership', u'industry': u'Grocery Wholesale', u'Main': u' 916-441-6431', u'name': u'Tom Chan', u'location': u'Sacramento, California, United States'}], [{u'position': u'President and Owner at General Produce Co., A California Limited Partnership', u'industry': u'Grocery Wholesale', u'Main': u' 916-441-6431', u'name': u'Dan Chan', u'location': u'Sacramento, California, United States'}], [{u'position': u'General Manager at General Produce Co., A California Limited Partnership', u'industry': u'Grocery Wholesale', u'Main': u' 916-441-6431', u'name': u'Jerry Sharon', u'location': u'Sacramento, California, United States'}], [{u'position': u'Vice President at General Produce Co., A California Limited Partnership', u'industry': u'Grocery Wholesale', u'Main': u' 916-441-6431', u'name': u'Willard Harrison', u'location': u'Sacramento, California, United States'}], [{u'position': u'Vice President at General Produce Co., A California Limited Partnership', u'industry': u'Grocery Wholesale', u'Main': u' 916-441-6431', u'name': u'Don Weersing', u'location': u'Sacramento, California, United States'}], [{u'position': u'Vice President at General Produce Co., A California Limited Partnership', u'industry': u'Grocery Wholesale', u'Main': u' 916-441-6431', u'name': u'Sheryl Weichert', u'location': u'Sacramento, California, United States'}], [{u'position': u'Vice President-Purch & Sales at General Produce Co., A California Limited Partnership', u'industry': u'Grocery Wholesale', u'Main': u' 916-441-6431', u'name': u'Chuck Wilkinson', u'location': u'Sacramento, California, United States'}], [{u'position': u'Director of Procurement at General Produce Co., A California Limited Partnership', u'industry': u'Grocery Wholesale', u'Main': u' 916-441-6431', u'name': u'Mark Derby', u'location': u'Sacramento, California, United States'}], [{u'position': u'Director of Procurement at General Produce Co., A California Limited Partnership', u'industry': u'Grocery Wholesale', u'Main': u' 916-441-6431', u'name': u'Traci Ennis', u'location': u'Sacramento, California, United States'}], [{u'position': u'Transportation Manager at General Produce Co., A California Limited Partnership', u'industry': u'Grocery Wholesale', u'Main': u' 916-441-6431', u'name': u'Gerald Chong', u'location': u'Sacramento, California, United States'}], [{u'position': u'Accounting / Credit Manager at General Produce Co., A California Limited Partnership', u'industry': u'Grocery Wholesale', u'Main': u' 916-441-6431', u'name': u'Cliff Rubens', u'location': u'Sacramento, California, United States'}], [{u'position': u'Export Manager at General Produce Co., A California Limited Partnership', u'industry': u'Grocery Wholesale', u'Main': u' 916-441-6431', u'name': u'Mike Mcgonigle', u'location': u'Sacramento, California, United States'}], [{u'position': u'Buyer at General Produce Co., A California Limited Partnership', u'industry': u'Grocery Wholesale', u'Main': u' 916-441-6431', u'name': u'Gina Backovich', u'location': u'Sacramento, California, United States'}], [{u'position': u'Buyer at General Produce Co., A California Limited Partnership', u'industry': u'Grocery Wholesale', u'Main': u' 916-441-6431', u'name': u'Rick Bateman', u'location': u'Sacramento, California, United States'}], [{u'position': u'Sales Representative at General Produce Co., A California Limited Partnership', u'industry': u'Grocery Wholesale', u'Main': u' 916-441-6431', u'name': u'Brandee Grant', u'location': u'Sacramento, California, United States'}], [{u'position': u'Account Manager at General Produce Co., A California Limited Partnership', u'industry': u'Grocery Wholesale', u'Main': u' 916-441-6431', u'name': u'Andee Tyler', u'location': u'Sacramento, California, United States'}], [{u'position': u'Business Development and Market Analyst at General Produce Co., A California Limited Partnership', u'industry': u'Grocery Wholesale', u'Main': u' 916-441-6431', u'name': u'David John', u'location': u'Sacramento, California, United States'}], [{u'position': u'Produce Consultant at General Produce Co., A California Limited Partnership', u'industry': u'Grocery Wholesale', u'Main': u' 916-441-6431', u'name': u'Kent Gillis', u'location': u'Sacramento, California, United States'}]]",www.generalproduce.com
"W B Wright, Inc",1.7M,Private Independent,,, 098865116,09-886-5116,,,60 (This Site) 60 (All Sites),916-443-1944,,,,, 1991,Food Manufacturing,79846486,, True,,,,"{u' ft': {u')': u' 8,318'}}",,USD,,916-443-2346,446k, New Roma Bakery,, True,5ab0c7a89f9f5d091909a87b,"1800 E St
Sacramento, California, 95811-1019
United States","[[{u'position': u'President at W B Wright, Inc', u'industry': u'Food Manufacturing', u'Main': u' 916-443-2346', u'name': u'Tim Costa', u'location': u'Sacramento, California, United States'}]]",
Wing WA Inc,7M,Private Independent,,, 153405444,15-340-5444,, 680145107,30 (This Site) 30 (All Sites),916-391-9238,,,,, 1988,Grocery Stores,99600628,, True,,,,"{u' ft': {u')': u' 24,000'}}",,USD, California,916-391-9222,1.6M, Wing Wa Seafood Supermarket,,,5ab0c7c29f9f5d091909a87c,"6021 Stockton Blvd
Sacramento, California, 95824-1534
United States","[[{u'position': u'Manager at Wing WA Inc', u'industry': u'Grocery Stores', u'Main': u' 916-391-9222', u'name': u'Ton Hua', u'location': u'Sacramento, California, United States'}]]",
"Prospect Enterprises, Inc.",,Private Branch,6 Companies,, 962934688,96-293-4688, 009555137, 951890952,28 (This Site),,,,,,,Grocery Wholesale,133577591,, True,, 009555137,"Prospect Enterprises, Inc.","{u' ft': {u')': u' 13,511'}}",,,,916-373-0202,," American Fish, American Fish And Seafood", 009555137,,5ab0c7dd9f9f5d091909a87d,"7600 Wilbur Way
Sacramento, California, 95828-4928
United States","[[{u'position': u'General Manager at Prospect Enterprises, Inc.', u'industry': u'Grocery Wholesale', u'Main': u' 916-373-0202', u'name': u'Sam Wong', u'location': u'Sacramento, California, United States'}]]",www.americanfish.com
Harvest Foods Inc,4.7M,Private Independent,,, 602634933,60-263-4933,, 680249384,20 (This Site) 20 (All Sites),916-455-0321,,,,, 1990,Grocery Stores,84136899,, True, Rents,,,"{u' ft': {u')': u' 22,000'}}",,USD,,916-455-4448,917k,,, True,5ab0c7f89f9f5d091909a87e,"5040 Franklin Blvd
Sacramento, California, 95820-4732
United States",,www.harvestfoodsnw.com
"Marquez Brothers International, Inc.",,Private Branch,15 Companies,, 931241330,93-124-1330, 045233020, 943365637,19 (This Site),,,,,,,Grocery Wholesale,95549700,, True, Owns, 045233020,"Marquez Brothers International, Inc.","{u' ft': {u')': u' 32,000'}}",,,,775-219-7557,,, 045233020,,5ab0c8109f9f5d091909a87f,"3805 N Freeway Blvd
Sacramento, California, 95834-1928
United States",,www.marquezbrothers.com
Rehman Family Farms,293k,Partnership Independent,,, 080308506,08-030-8506,,,15 (This Site) 15 (All Sites),,,,,, 2015,Crop and Animal Production,194621722,, True,,,,"{u' ft': {u')': u' 5,098'}}",,USD,,530-680-4743,,,,,5ab0c8289f9f5d091909a880,"200 Hawkcrest Cir
Sacramento, California, 95835-2006
United States
(Primary Address) Show Secondary","[[{u'position': u'Principal at Rehman Family Farms', u'industry': u'Crop and Animal Production', u'Main': u' 530-680-4743', u'name': u'Haroon Rehman', u'location': u'Sacramento, California, United States'}], [{u'position': u'Principal at Rehman Family Farms', u'industry': u'Crop and Animal Production', u'Main': u' 530-680-4743', u'name': u'Hafeez Rehman', u'location': u'Sacramento, California, United States'}], [{u'position': u'Principal at Rehman Family Farms', u'industry': u'Crop and Animal Production', u'Main': u' 530-680-4743', u'name': u'Telha Rehman', u'location': u'Sacramento, California, United States'}], [{u'position': u'Principal at Rehman Family Farms', u'industry': u'Crop and Animal Production', u'Main': u' 530-680-4743', u'name': u'Nisar Rehman', u'location': u'Sacramento, California, United States'}]]",
"Do, Thinh",917k,Private Independent,,, 615368677,61-536-8677,,,8 (This Site) 8 (All Sites),,,,,, 1985,Grocery Wholesale,85957962,, True,,,,"{u' ft': {u')': u' 10,000'}}",,USD,,916-917-5216,, Catering Food Supply,,,5ab0c8439f9f5d091909a881,"8531 Thys Ct
Sacramento, California, 95828-1006
United States",,
"Klg International Usa, Inc.",5.8M,Private Independent,,, 118552442,11-855-2442,,,8 (This Site) 8 (All Sites),,,,, Exports, 2004,Grocery Wholesale,85242008,, True,,,,"{u' ft': {u')': u' 2,600'}}",,USD, California,916-489-9775,,,,,5ab0c85b9f9f5d091909a882,"4200 Pinell St
Sacramento, California, 95838-2926
United States","[[{u'position': u'President-Chief Executive Officer at Klg International Usa, Inc.', u'industry': u'Grocery Wholesale', u'Main': u' 916-489-9775', u'name': u'Justin Forsyth', u'location': u'Sacramento, California, United States'}], [{u'name': u'Emily Forsyth', u'industry': u'Grocery Wholesale', u'location': u'Sacramento, California, United States', u'position': u'Treasurer at Klg International Usa, Inc.', u'Main': u' 916-489-9775', u'Email': u' justin@klginternationalusa.com'}], [{u'position': u'Adm Assistant at Klg International Usa, Inc.', u'industry': u'Grocery Wholesale', u'Main': u' 916-489-9775', u'name': u'Deirgre Crompton', u'location': u'Sacramento, California, United States'}], [{u'position': u'Administrator at Klg International Usa, Inc.', u'industry': u'Grocery Wholesale', u'Main': u' 916-489-9775', u'name': u'Phil Gamboe', u'location': u'Sacramento, California, United States'}]]",www.klgusa.com
Lee's Clinic,713k,Partnership Parent,2 Companies,, 843100637,84-310-0637,,,4 (This Site) 8 (All Sites),,,,,, 1974,Grocery Stores,79847133,, True,,,,"{u' ft': {u')': u' 3,001'}}",,USD,,916-443-8489,,,,,5ab0c8789f9f5d091909a883,"2414 14Th St
Sacramento, California, 95818-2209
United States",,www.leesclinicinfo.com
"Sweet Candy, LLC",,Private Branch,34 Companies,, 008918703,00-891-8703, 082459509,,8 (This Site),916-929-5133,, True,,,,Grocery Stores,99682341,, True,, 082459509,"Sweet Candy, LLC","{u' ft': {u')': u' 3,188'}}",,,,916-929-5133,," Sweet Factory, Sweet Factory #107", 082459509,,5ab0c8909f9f5d091909a884,"1689 Arden Way Ste 2124
Sacramento, California, 95815-4039
United States",,www.sweetfactory.com
"Cultured Kitchen, LLC",890k,Partnership Independent,,, 078762597,07-876-2597,,,8 (This Site) 8 (All Sites),,,,, Imports, 2012,Food Manufacturing,138178526, True, True,,,,"{u' ft': {u')': u' 5,562'}}",,USD,,916-212-0810,,,, True,5ab0c8a89f9f5d091909a885,"9910 Horn Rd Ste 4
Sacramento, California, 95827-1959
United States","[[{u'position': u'General Manager at Cultured Kitchen, LLC', u'industry': u'Food Manufacturing', u'Main': u' 916-212-0810', u'name': u'James Derrickson', u'location': u'Sacramento, California, United States'}]]",
"Martinez, Oscar Steve and Jackie Cozett",1.6M,Private Parent,2 Companies,, 017083726,01-708-3726,,,3 (This Site) 8 (All Sites),,,,,, 1979,Grocery Stores,90182819,, True, Owns,,,"{u' ft': {u')': u' 2,400'}}",,USD,,916-457-7323,, Fast Stop Food Stores,,,5ab0c8c29f9f5d091909a886,"750 46Th St
Sacramento, California, 95819-3149
United States",,
"Thrc, Inc.",1M,Private Independent,,, 017933693,01-793-3693,, 943289868,7 (This Site) 7 (All Sites),916-929-1697,,,,, 1998,Food Manufacturing,111150201, True, True, Rents,,,"{u' ft': {u')': u' 10,000'}}",,USD,,916-929-1681,250k, TERRANOVA COFFEE ROASTING COMPANY,, True,5ab0c8da9f9f5d091909a887,"198 Opportunity St Ste 1
Sacramento, California, 95838-5006
United States","[[{u'position': u'President at Thrc, Inc.', u'industry': u'Food Manufacturing', u'Main': u' 916-929-1681', u'name': u'David Petersen', u'location': u'Sacramento, California, United States'}], [{u'position': u'President at Thrc, Inc.', u'industry': u'Food Manufacturing', u'Main': u' 916-929-1681', u'name': u'Stan Affonso', u'location': u'Sacramento, California, United States'}], [{u'position': u'Chief Financial Officer at Thrc, Inc.', u'industry': u'Food Manufacturing', u'Main': u' 916-929-1681', u'name': u'Stephanie Petersen', u'location': u'Sacramento, California, United States'}], [{u'position': u'Vice President at Thrc, Inc.', u'industry': u'Food Manufacturing', u'Main': u' 916-929-1681', u'name': u'Carol Affonso', u'location': u'Sacramento, California, United States'}]]",www.terranovacoffeeroasting.com
Fastrip Food Store,726k,Private Independent,,, 038277018,03-827-7018,,,7 (This Site) 7 (All Sites),,,,,, 1991,Grocery Stores,79848781,, True,,,,"{u' ft': {u')': u' 3,000'}}",,USD,,916-381-4284,230k,,, True,5ab0c8f69f9f5d091909a888,"8061 Florin Rd
Sacramento, California, 95828-3140
United States","[[{u'position': u'Owner at Fastrip Food Store', u'industry': u'Grocery Stores', u'Main': u' 916-381-4284', u'name': u'Amrik Singh', u'location': u'Sacramento, California, United States'}]]",www.fastrip.com
"Mad Butcher Meat Co., Inc.",2M,Private Independent,,, 196431050,19-643-1050,, 680289896,6 (This Site) 6 (All Sites),916-383-1018,,,,, 1989,Grocery Wholesale,85471002,, True, Rents,,,"{u' ft': {u')': u' 3,000'}}",,USD, California,916-383-4943,,,,,5ab0c9119f9f5d091909a889,"6480 Florin Perkins Rd
Sacramento, California, 95828-1814
United States",,www.madbutchermeat.com
Wing Shing Noodle Co.,391k,Private Independent,,, 939611307,93-961-1307,,,6 (This Site) 6 (All Sites),,,,,, 1996,Grocery Wholesale,99693874,, True,,,,"{u' ft': {u')': u' 3,650'}}",,USD,,916-399-8628,,,,,5ab0c9289f9f5d091909a88a,"7031 S Land Park Dr
Sacramento, California, 95831-3137
United States",,
Le Grand Confectionary,600k,Private Independent,,, 065285116,06-528-5116,,,6 (This Site) 6 (All Sites),,,,,, 1997,Grocery Stores,79847559,, True,,,,"{u' ft': {u')': u' 1,800'}}",,USD,,916-973-0249,,,, True,5ab0c93f9f9f5d091909a88b,"2605 El Paseo Ln
Sacramento, California, 95821-4903
United States",,www.capitalconfections.com
"Dupont Market, Inc",3.6M,Private Independent,,, 029180916,02-918-0916,,,4 (This Site) 6 (All Sites),,,,,, 1995,Grocery Stores,99435100,, True,,,,"{u' ft': {u')': u' 4,000'}}",,USD, California,510-562-3593,, DUPONT MARKET DIST CO,,,5ab0c9589f9f5d091909a88c,"8612 Younger Creek Dr
Sacramento, California, 95828-1022
United States","[[{u'position': u'President at Dupont Market, Inc', u'industry': u'Grocery Stores', u'Main': u' 510-562-3593', u'name': u'Harry Cheung', u'location': u'Sacramento, California, United States'}]]",
Smokin Go's Fine Foods LLC,186k,Private Independent,,, 079371698,07-937-1698,,,5 (This Site) 5 (All Sites),,,,,, 2014,Food Manufacturing,190894793, True, True,,,,"{u' ft': {u')': u' 4,729'}}",,USD,,916-985-2937,,,,,5ab0c9729f9f5d091909a88d,"836 57Th St
Sacramento, California, 95819-3327
United States",,www.smokingosfinefoods.com
T N T Bakery,241k,Private Independent,,, 024224136,02-422-4136,,,5 (This Site) 5 (All Sites),,,,,, 1999,Food Manufacturing,99693786, True, True,,,,"{u' ft': {u')': u' 3,884'}}",,USD,,916-456-3518,,,, True,5ab0c98a9f9f5d091909a88e,"5691 Stockton Blvd
Sacramento, California, 95824-1613
United States","[[{u'position': u'Owner at T N T Bakery', u'industry': u'Food Manufacturing', u'Main': u' 916-456-3518', u'name': u'Than Tran', u'location': u'Sacramento, California, United States'}]]",www.tntbakery.com
Asian Food Center,459k,Private Independent,,, 785210733,78-521-0733,,,5 (This Site) 5 (All Sites),916-448-0887,,,,, 1991,Grocery Stores,85957935,, True,,,,"{u' ft': {u')': u' 2,728'}}",,USD, California,916-448-0887,, Hing Long Supermarket,,,5ab0c9a69f9f5d091909a88f,"1301 Broadway
Sacramento, California, 95818-2217
United States",,
Rainbow Market,589k,Private Independent,,, 029045804,02-904-5804,,,5 (This Site) 5 (All Sites),,,,,, 1996,Grocery Stores,99500147,, True,,,,"{u' ft': {u')': u' 3,500'}}",,USD,,916-925-6109,230k,,,,5ab0c9be9f9f5d091909a890,"3810 Marysville Blvd
Sacramento, California, 95838-3710
United States","[[{u'position': u'Owner at Rainbow Market', u'industry': u'Grocery Stores', u'Main': u' 916-925-6109', u'name': u'John Yee', u'location': u'Sacramento, California, United States'}]]",
WA Heng Doufu Soy Sauce Corp,831k,Private Independent,,, 828120774,82-812-0774,,,5 (This Site) 5 (All Sites),,,,, Both Imports & Exports, 2003,Grocery Wholesale,193424134,, True,,,,"{u' ft': {u')': u' 4,033'}}",,USD, California,916-737-0545,,,,,5ab0c9d89f9f5d091909a891,"2451 26Th Ave Ste 1
Sacramento, California, 95822-2269
United States",,
"Vend Mart, Inc.",,Private Branch,3 Companies,, 053480206,05-348-0206, 606935880, 931110214,5 (This Site),,,,,,,Grocery Wholesale,138728681,, True,, 606935880,"Vend Mart, Inc.","{u' ft': {u')': u' 5,418'}}",,,,916-393-3170,,, 606935880,,5ab0c9fa9f9f5d091909a892,"6943 Power Inn Rd Ste D
Sacramento, California, 95828-2443
United States",,www.vendmart.com
Sun Flour Baking Company,321k,Private Independent,,, 011893463,01-189-3463,, 205006784,4 (This Site) 4 (All Sites),,,,,, 2002,Food Manufacturing,99532364, True, True,,,,"{u' ft': {u')': u' 1,000'}}",,USD,,916-488-4150,,,,,5ab0ca129f9f5d091909a893,"2464 Marconi Ave
Sacramento, California, 95821-4808
United States","[[{u'name': u'Lisa Macmillan', u'industry': u'Food Manufacturing', u'location': u'Sacramento, California, United States', u'position': u'Founder at Sun Flour Baking Company', u'Main': u' 916-488-4150', u'Email': u' l.macmillan@sunflourbaking.com'}]]",www.sunflourbaking.com
Ruffled Feathers Bird Control,357k,Private Independent,,, 022775181,02-277-5181,,,4 (This Site) 4 (All Sites),,,,,, 2008,Grocery Wholesale,180892525,, True,,,,"{u' ft': {u')': u' 3,649'}}",,USD,,916-333-3900,,,, True,5ab0ca2c9f9f5d091909a894,"3124 Ashley Way
Sacramento, California, 95833-1036
United States","[[{u'position': u'Prin;President at Ruffled Feathers Bird Control', u'industry': u'Grocery Wholesale', u'Main': u' 916-333-3900', u'name': u'Ian Hollandsworth', u'location': u'Sacramento, California, United States'}]]",www.rfbirdcontrol.com
Speed Bird Inc,,Private Branch,2 Companies,, 876219130,87-621-9130, 555979707, 680245870,4 (This Site),,,,,,,Grocery Stores,99672302,, True,, 555979707,Speed Bird Inc,"{u' ft': {u')': u' 4,498'}}",,,,916-399-9327,, SPEED BIRD 2, 555979707, True,5ab0ca489f9f5d091909a895,"5000 Fruitridge Rd
Sacramento, California, 95820-5301
United States",,
"Black Brain Health, LLC",100k,Private Independent,,, 078820401,07-882-0401,,,4 (This Site) 4 (All Sites),,,,,, 2012,Food Manufacturing,190817278, True, True,,,,"{u' ft': {u')': u' 2,500'}}",,USD,,916-215-3253,431k,,,,5ab0ca5c9f9f5d091909a896,"1395 Garden Hwy Ste 250
Sacramento, California, 95833-9771
United States","[[{u'position': u'Chief Executive Officer at Black Brain Health, LLC', u'industry': u'Food Manufacturing', u'Main': u' 916-215-3253', u'name': u'Scott Barnum', u'location': u'Sacramento, California, United States'}], [{u'position': u'Chairman at Black Brain Health, LLC', u'industry': u'Food Manufacturing', u'Main': u' 916-215-3253', u'name': u'Keith Black', u'location': u'Sacramento, California, United States'}]]",
Wah Tsun Chinese Herb Co,171k,Private Independent,,, 179599477,17-959-9477,,,4 (This Site) 4 (All Sites),,,,,, 1999,Grocery Stores,99517788,, True,,,,"{u' ft': {u')': u' 2,506'}}",,USD,,916-393-0288,,,, True,5ab0ca779f9f5d091909a897,"6930 65Th St Ste 133
Sacramento, California, 95823-2342
United States",,www.glowherbalgenic.com
Spirit Cakes,121k,Private Independent,,, 003711883,00-371-1883,,,4 (This Site) 4 (All Sites),,,,,, 2013,Food Manufacturing,183098335,, True,,,,"{u' ft': {u')': u' 2,924'}}",,USD,,916-912-3880,,,,,5ab0ca8f9f9f5d091909a898,"7403 Carondelet Ln
Sacramento, California, 95828-4613
United States","[[{u'position': u'Vice President Direct Sales Representation at Spirit Cakes', u'industry': u'Food Manufacturing', u'Main': u' 916-912-3880', u'name': u'Thomas Burns', u'location': u'Sacramento, California, United States'}]]",
Matsuda's of Sacramento Inc.,,Private Branch,2 Companies,, 785153669,78-515-3669, 029038577, 942744176,3 (This Site),,,,,,,Crop and Animal Production,137939088,, True,, 029038577,Matsuda's of Sacramento Inc.,"{u' ft': {u')': u' 3,536'}}",,,,916-423-3157,," Growing Grounds, Matsuda's Nursery", 029038577,,5ab0caaa9f9f5d091909a899,"10600 Florin Rd
Sacramento, California, 95830-9404
United States",,
Pacific AG Commodities Corporation,4.4M,Private Independent,,, 177527322,17-752-7322,,,3 (This Site) 3 (All Sites),,31-Dec-2017,, True,, 1997,Grocery Wholesale,93519998,, True,,,,"{u' ft': {u')': u' 2,774'}}",,USD, California,916-419-8590,1.6M,,, True,5ab0cac39f9f5d091909a89a,"14 Converse Ct
Sacramento, California, 95835-1538
United States
(Primary Address) Show Secondary","[[{u'position': u'President at Pacific AG Commodities Corporation', u'industry': u'Grocery Wholesale', u'Main': u' 916-419-8590', u'name': u'Christopher S Cota', u'location': u'Sacramento, California, United States'}], [{u'position': u'CO-OWNER at Pacific AG Commodities Corporation', u'industry': u'Grocery Wholesale', u'Main': u' 916-419-8590', u'name': u'Tina Cota', u'location': u'Sacramento, California, United States'}], [{u'position': u'Sales at Pacific AG Commodities Corporation', u'industry': u'Grocery Wholesale', u'Main': u' 916-419-8590', u'name': u'Willie Bulda', u'location': u'Sacramento, California, United States'}]]",www.pacificagcommodities.com
Chimas USA,1.9M,Private Independent,,, 799823641,79-982-3641,,,3 (This Site) 3 (All Sites),,,,,, 1975,Grocery Stores,105890311,, True, Owns,,,"{u' ft': {u')': u' 2,000'}}",,USD,,916-419-9979,, Chimas Market,, True,5ab0cadf9f9f5d091909a89b,"3841 Snelling Ln
Sacramento, California, 95835-2013
United States",,
Dnd Food Co.,136k,Private Independent,,, 034417531,03-441-7531,,,3 (This Site) 3 (All Sites),,,,,, 2015,Grocery Stores,181646738,, True,,,,"{u' ft': {u')': u' 2,620'}}",,USD, California,916-517-9123,,,,,5ab0caf39f9f5d091909a89c,"3531 San Juan Rd
Sacramento, California, 95833-9800
United States","[[{u'position': u'Principal at Dnd Food Co.', u'industry': u'Grocery Stores', u'Main': u' 916-517-9123', u'name': u'Donell Hendrix', u'location': u'Sacramento, California, United States'}]]",
Samthong Meat Market,267k,Private Independent,,, 111699828,11-169-9828,,,3 (This Site) 3 (All Sites),,,,,, 2005,Grocery Stores,99765661,, True,,,,"{u' ft': {u')': u' 2,246'}}",,USD,,916-427-5267,,,,,5ab0cb0e9f9f5d091909a89d,"6235 Franklin Blvd
Sacramento, California, 95824-3446
United States",,
Longchang Market,330k,Private Independent,,, 848811089,84-881-1089,,,3 (This Site) 3 (All Sites),,,,,, 2001,Grocery Stores,90181989,, True,,,,,,USD,,916-422-7624,,,, True,5ab0cb279f9f5d091909a89e,"6241 Franklin Blvd
Sacramento, California, 95824-3446
United States",,
Baker Ben's Donuts,68k,Private Independent,,, 827424268,82-742-4268,,,3 (This Site) 3 (All Sites),,,,,, 1994,Food Manufacturing,93493009,, True,,,,"{u' ft': {u')': u' 2,620'}}",,USD,,916-482-4422,,,,,5ab0cb409f9f5d091909a89f,"3510 Auburn Blvd Ste 6
Sacramento, California, 95821-2067
United States","[[{u'position': u""Owner at Baker Ben's Donuts"", u'industry': u'Food Manufacturing', u'Main': u' 916-482-4422', u'name': u'Kim Hon', u'location': u'Sacramento, California, United States'}]]",
Asian Supermarket,219k,Private Independent,,, 931304554,93-130-4554,,,3 (This Site) 3 (All Sites),,,,,, 1988,Grocery Stores,194982012,, True,,,,"{u' ft': {u')': u' 2,246'}}",,USD,,916-399-1356,," Asia Grocery, Asian Supermarket",,,5ab0cb5b9f9f5d091909a8a0,"6701 Franklin Blvd
Sacramento, California, 95823-1028
United States",,
"General Exports Usa, LLC",514k,Private Independent,,, 964728757,96-472-8757,,,2 (This Site) 2 (All Sites),,,, True,, 2010,Grocery Wholesale,182626661,, True,,,,"{u' ft': {u')': u' 2,846'}}",,USD, California,916-671-5689,,,, True,5ab0cb739f9f5d091909a8a1,"2675 Kalamer Way
Sacramento, California, 95835-1550
United States","[[{u'position': u'President at General Exports Usa, LLC', u'industry': u'Grocery Wholesale', u'Main': u' 916-671-5689', u'name': u'Jim Phong', u'location': u'Sacramento, California, United States'}], [{u'position': u'Director at General Exports Usa, LLC', u'industry': u'Grocery Wholesale', u'Main': u' 916-671-5689', u'name': u'Vivian Lam', u'location': u'Sacramento, California, United States'}]]",
Opm Supplies,500k,Private Independent,,, 619093367,61-909-3367,,,2 (This Site) 2 (All Sites),,,, True,, 2006,Grocery Stores,195198556,, True,,,,"{u' ft': {u')': u' 2,246'}}",,USD,,530-383-0959,,,, True,5ab0cb8e9f9f5d091909a8a2,"3617 Viader Way
Sacramento, California, 95834-1066
United States","[[{u'position': u'Owner at Opm Supplies', u'industry': u'Grocery Stores', u'Main': u' 530-383-0959', u'name': u'Nafreen Saeed', u'location': u'Sacramento, California, United States'}], [{u'position': u'Manager at Opm Supplies', u'industry': u'Grocery Stores', u'Main': u' 530-383-0959', u'name': u'Khalid Saeed', u'location': u'Sacramento, California, United States'}]]",
Express Donuts,59k,Private Independent,,, 786419697,78-641-9697,,,2 (This Site) 2 (All Sites),,,,,, 1992,Food Manufacturing,86271297,, True,,,,"{u' ft': {u')': u' 1,925'}}",,USD,,916-381-7442,,,, True,5ab0cba89f9f5d091909a8a3,"5650 Power Inn Rd Ste 100
Sacramento, California, 95824-2382
United States","[[{u'position': u'Owner at Express Donuts', u'industry': u'Food Manufacturing', u'Main': u' 916-381-7442', u'name': u'Sukvir Banwait', u'location': u'Sacramento, California, United States'}]]",
Hillsdale Donuts,88k,Private Independent,,, 626987309,62-698-7309,,,2 (This Site) 2 (All Sites),,,,,, 1991,Food Manufacturing,85958353, True, True, Rents,,,"{u' ft': {u')': u' 1,298'}}",,USD,,916-344-9530,, Hillsdale Donuts,,,5ab0cbc39f9f5d091909a8a4,"5745 Hillsdale Blvd
Sacramento, California, 95842-3003
United States","[[{u'position': u'Owner at Hillsdale Donuts', u'industry': u'Food Manufacturing', u'Main': u' 916-344-9530', u'name': u'Seang K Hong', u'location': u'Sacramento, California, United States'}]]",
Halcyon Pacific Corp,250k,Private Independent,,, 174853234,17-485-3234,, 942927883,2 (This Site) 2 (All Sites),916-731-4295,,,,, 1983,Grocery Wholesale,195871065,, True,,,,"{u' ft': {u')': u' 2,846'}}",,USD, California,916-647-9505,, Holistic Horizon,, True,5ab0cbdd9f9f5d091909a8a5,"8359 Elk Grove Florin Rd Ste 103-328
Sacramento, California, 95829-9298
United States",,www.holistichorizons.com
Royal Market,197k,Private Independent,,, 097019210,09-701-9210,,,2 (This Site) 2 (All Sites),,,,,, 1975,Grocery Stores,99765700,, True, Rents,,,"{u' ft': {u')': u' 1,000'}}",,USD,,916-917-5911,,,,,5ab0cbf59f9f5d091909a8a6,"1701 T St
Sacramento, California, 95811-7213
United States",,
To The Bay and Back,5k,Private Independent,,, 937629665,93-762-9665,,,2 (This Site) 2 (All Sites),,,, True,, 1994,Grocery Wholesale,193812003,, True,,,,"{u' ft': {u')': u' 2,008'}}",,USD,,916-370-9211,, To The Bay And Back Cheesecakes,,,5ab0cc0c9f9f5d091909a8a7,"3809 Belden St
Sacramento, California, 95838-3504
United States",,www.tothebayandbackcheesecake.com
Xiong's Market,179k,Private Independent,,, 826753139,82-675-3139,,,2 (This Site) 2 (All Sites),,,,,, 1994,Grocery Stores,99516658,, True,,,,"{u' ft': {u')': u' 1,980'}}",,USD,,916-568-6373,,,,,5ab0cc249f9f5d091909a8a8,"1010 El Camino Ave Ste Ab
Sacramento, California, 95815-2594
United States",,
Marlbo Ginseng Co,94k,Private Independent,,, 017280418,01-728-0418,,,2 (This Site) 2 (All Sites),,,,,, 1999,Grocery Stores,88452453,, True,,,,"{u' ft': {u')': u' 2,246'}}",,USD, California,916-393-3788,,,, True,5ab0cc3c9f9f5d091909a8a9,"5555 Sky Pkwy Ste 219
Sacramento, California, 95823-7804
United States
(Primary Address) Show Secondary",,
Sandhar Orchards,150k,Partnership Independent,,, 967223681,96-722-3681,,,2 (This Site) 2 (All Sites),,,, True,, 2011,Crop and Animal Production,171994686,, True,,,,"{u' ft': {u')': u' 2,368'}}",,USD,,916-417-3835,,,,,5ab0cc549f9f5d091909a8aa,"10093 Cristo Dr
Sacramento, California, 95829-8132
United States","[[{u'position': u'Partner at Sandhar Orchards', u'industry': u'Crop and Animal Production', u'Main': u' 916-417-3835', u'name': u'Nishan Sandhar', u'location': u'Sacramento, California, United States'}]]",
J & K Market,100k,Private Independent,,, 044001725,04-400-1725,,,1 (This Site) 1 (All Sites),,, True,,, 1968,Grocery Stores,91733345,, True,,,,"{u' ft': {u')': u' 3,000'}}",,USD,,916-455-6765,, Family Market,,,5ab0cc789f9f5d091909a8ab,"4310 73Rd St
Sacramento, California, 95820-3527
United States","[[{u'position': u'Owner at J & K Market', u'industry': u'Grocery Stores', u'Main': u' 916-455-6765', u'name': u'Mohad Algaggli', u'location': u'Sacramento, California, United States'}]]",
B&L Cash Market,88k,Private Independent,,, 931304893,93-130-4893,,,1 (This Site) 1 (All Sites),,,,,, 1994,Grocery Stores,79846640,, True,,,,"{u' ft': {u')': u' 1,725'}}",,USD,,916-929-8678,,,,,5ab0cc939f9f5d091909a8ac,"3025 Academy Way
Sacramento, California, 95815-1540
United States",,
Serv Rite Market,107k,Private Independent,,, 073792632,07-379-2632,,,1 (This Site) 1 (All Sites),,,,,, 1981,Grocery Stores,99499625,, True, Owns,,,"{u' ft': {u')': u' 3,600'}}",,USD,,916-456-1818,,,, True,5ab0ccaa9f9f5d091909a8ad,"3994 2Nd Ave
Sacramento, California, 95817-3006
United States",,
Tenney & Tenny LLC,100k,Partnership Independent,,, 014848974,01-484-8974,,,1 (This Site) 1 (All Sites),,, True,,, 2007,Grocery Stores,195847681,, True,,,,"{u' ft': {u')': u' 2,053'}}",,USD, California,909-262-8438,, Edible Arrangements #853,, True,5ab0ccc29f9f5d091909a8ae,"2701 Del Paso Rd # 130-210
Sacramento, California, 95835-2305
United States",,www.ediblearrangements.com
Peace Market,150k,Private Independent,,, 034605592,03-460-5592,,,1 (This Site) 1 (All Sites),,,,,, 1985,Grocery Stores,79846429,, True,,,,"{u' ft': {u')': u' 1,600'}}",,USD,,916-442-7073,, Peace Market Patel,, True,5ab0ccda9f9f5d091909a8af,"1801 O St
Sacramento, California, 95811-6106
United States",,
"You, Theng",61k,Private Independent,,, 168283257,16-828-3257,,,1 (This Site) 1 (All Sites),,, True,,, 1987,Food Manufacturing,99605364,, True, Rents,,,"{u' ft': {u')': u' 1,124'}}",,USD,,916-927-8088,, SPUDNUT,, True,5ab0ccf39f9f5d091909a8b0,"2445 Arden Way
Sacramento, California, 95825-2411
United States","[[{u'position': u'Owner at You, Theng', u'industry': u'Food Manufacturing', u'Main': u' 916-927-8088', u'name': u'Muoy You', u'location': u'Sacramento, California, United States'}]]",www.spudnutinfo.com
New World Gift,47k,Private Independent,,, 194961728,19-496-1728,,,1 (This Site) 1 (All Sites),,,,,, 1997,Grocery Stores,107324701,, True, Rents,,,{u' ft': {u')': u' 969'}},,USD,,916-369-1044,,,,,5ab0cd0d9f9f5d091909a8b1,"9649 Folsom Blvd Ste A
Sacramento, California, 95827-1211
United States","[[{u'position': u'Owner at New World Gift', u'industry': u'Grocery Stores', u'Main': u' 916-369-1044', u'name': u'Steve Yum', u'location': u'Sacramento, California, United States'}]]",
Express Mart,349k,Partnership Independent,,, 115196420,11-519-6420,,,1 (This Site) 1 (All Sites),,, True,,, 1989,Grocery Stores,79847720,, True,,,,"{u' ft': {u')': u' 3,500'}}",,USD,,916-451-4540,," Express Mart, Express Mart Food Store",,,5ab0cd279f9f5d091909a8b2,"5071 24Th St
Sacramento, California, 95822-2201
United States","[[{u'name': u'Surinder Banwailt', u'industry': u'Grocery Stores', u'location': u'Sacramento, California, United States', u'position': u'Owner at Express Mart', u'Main': u' 916-451-4540', u'Email': u' surinderb@expressmart.com'}]]",www.expressmart.com
Sun Up Market,110k,Private Independent,,, 107551988,10-755-1988,,,1 (This Site) 1 (All Sites),,,, True,, 1991,Grocery Stores,99499605,, True,,,,"{u' ft': {u')': u' 1,200'}}",,USD,,916-451-5252,,,,,5ab0cd429f9f5d091909a8b3,"7625 Tamarindo Bay Dr
Sacramento, California, 95828-6437
United States",,
Rubie Dianne Simonsen,31k,Private Independent,,, 080519665,08-051-9665,,,1 (This Site) 1 (All Sites),,,, True,, 2016,Crop and Animal Production,205222791,, True,,,,,,USD,,916-800-3606,, First Mother Farms,, True,5ab0cd5a9f9f5d091909a8b4,"2811 E St Apt 10
Sacramento, California, 95816-3242
United States
(Primary Address) Show Secondary",,
Kwong's Market,94k,Private Independent,,, 165485590,16-548-5590,,,1 (This Site) 1 (All Sites),,,, True,, 1986,Grocery Stores,97261516,, True,,,,"{u' ft': {u')': u' 1,479'}}",,USD,,916-443-3073,,,,,5ab0cd729f9f5d091909a8b5,"935 Shore Breeze Dr
Sacramento, California, 95831-4369
United States",,
Kkkp LLC,62k,Private Independent,,, 079572524,07-957-2524,,,1 (This Site) 1 (All Sites),,,,,, 2014,Crop and Animal Production,190945236,, True,,,,"{u' ft': {u')': u' 1,798'}}",,USD,,916-569-8111,,,,,5ab0cd899f9f5d091909a8b6,"720 Howe Ave Ste 113
Sacramento, California, 95825-4687
United States",,
"Liberty Coffee Roasting Company, LLC",71k,Partnership Independent,,, 059668161,05-966-8161,,,1 (This Site) 1 (All Sites),,,, True,, 2010,Grocery Stores,182579928,, True,,,,"{u' ft': {u')': u' 1,771'}}",,USD, California,916-572-5385,,,,,5ab0cda19f9f5d091909a8b7,"2269 Burberry Way
Sacramento, California, 95835-1542
United States","[[{u'position': u'Mbr-First Vice President at Liberty Coffee Roasting Company, LLC', u'industry': u'Grocery Stores', u'Main': u' 916-572-5385', u'name': u'Dominic Dolar', u'location': u'Sacramento, California, United States'}], [{u'position': u'Mbr-2nd Vice President at Liberty Coffee Roasting Company, LLC', u'industry': u'Grocery Stores', u'Main': u' 916-572-5385', u'name': u'Priscilla Dolar', u'location': u'Sacramento, California, United States'}]]",
Lee's Market,96k,Private Independent,,, 075307640,07-530-7640,,,1 (This Site) 1 (All Sites),,,,,, 1997,Grocery Stores,91384889,, True,,,,"{u' ft': {u')': u' 1,479'}}",,USD,,916-929-5246,,,,,5ab0cdbc9f9f5d091909a8b8,"3815 Marysville Blvd
Sacramento, California, 95838-3771
United States",,
"Lwj Foods, LLC",10k,Private Independent,,, 784426459,78-442-6459,,,1 (This Site) 1 (All Sites),,,,,, 2006,Food Manufacturing,130442598, True, True, Rents,,,"{u' ft': {u')': u' 1,609'}}",,USD,,916-247-6224,,,,,5ab0cdd49f9f5d091909a8b9,"3270 Arena Blvd Ste 400-157
Sacramento, California, 95834-3001
United States","[[{u'position': u'Principal at Lwj Foods, LLC', u'industry': u'Food Manufacturing', u'Main': u' 916-247-6224', u'name': u'Leonard Johnson', u'location': u'Sacramento, California, United States'}]]",
